<edmx:Edmx
    xmlns:edmx="http://schemas.microsoft.com/ado/2007/06/edmx"
    xmlns:m="http://schemas.microsoft.com/ado/2007/08/dataservices/metadata"
    xmlns:sap="http://www.sap.com/Protocols/SAPData" Version="1.0">
    <edmx:DataServices m:DataServiceVersion="2.0">
        <Schema
            xmlns="http://schemas.microsoft.com/ado/2008/09/edm" Namespace="ZR_MOBILE_PORTAL_SRV" xml:lang="de" sap:schema-version="1">
            <EntityType Name="ZdevPortal" sap:content-version="1">
                <Key>
                    <PropertyRef Name="Mandt"/>
                    <PropertyRef Name="LinkKey"/>
                </Key>
                <Property Name="Mandt" Type="Edm.String" Nullable="false" MaxLength="3" sap:label="Mandant" sap:sortable="false" sap:filterable="false"/>
                <Property Name="LinkKey" Type="Edm.String" Nullable="false" MaxLength="30" sap:label="Link-Key"/>
                <Property Name="Text" Type="Edm.String" Nullable="false" MaxLength="50" sap:label="Beschreibung" sap:creatable="false" sap:updatable="false"/>
                <Property Name="Link" Type="Edm.String" Nullable="false" sap:label="Link" sap:creatable="false" sap:updatable="false" sap:sortable="false" sap:filterable="false"/>
                <Property Name="LinkType" Type="Edm.String" Nullable="false" MaxLength="3" sap:label="Link-Typ" sap:creatable="false" sap:updatable="false" sap:sortable="false"/>
            </EntityType>
            <EntityContainer Name="ZR_MOBILE_PORTAL_SRV_Entities" m:IsDefaultEntityContainer="true" sap:supported-formats="atom json xlsx">
                <EntitySet Name="ZDEV_PORTALS" EntityType="ZR_MOBILE_PORTAL_SRV.ZdevPortal" sap:pageable="false" sap:content-version="1"/>
            </EntityContainer>
            <atom:link
                xmlns:atom="http://www.w3.org/2005/Atom" rel="self" href="./sap/ZR_MOBILE_PORTAL_SRV/$metadata"/>
                <atom:link
                    xmlns:atom="http://www.w3.org/2005/Atom" rel="latest-version" href="./sap/ZR_MOBILE_PORTAL_SRV/$metadata"/>
                </Schema>
            </edmx:DataServices>
        </edmx:Edmx>